Bavaria Cruiser 41;https://www.finn.no/boat/forsale/ad.html?finnkode=214402556;850000;2003;41
Godt holdt motorseiler tilsalgs;https://www.finn.no/boat/forsale/ad.html?finnkode=131022826;46000;1942;33
Flott familie skute for salg;https://www.finn.no/boat/forsale/ad.html?finnkode=215049719;1300000;2007;46
Formula 16 Stealth (F16) katamaran;https://www.finn.no/boat/forsale/ad.html?finnkode=214868398;43000;2003;16
Seilbåt selges grunnet mangel på båtplass (Båten står i Bærum);https://www.finn.no/boat/forsale/ad.html?finnkode=215084680;9900;1970;21
Bavaria 45 Cruiser til salgs;https://www.finn.no/boat/forsale/ad.html?finnkode=214241123;1650000;2011;45
Dufour 31fot seilbåt (eller studentbolig);https://www.finn.no/boat/forsale/ad.html?finnkode=215071343;140000;1983;31
Oslojolle bygget ca.1939;https://www.finn.no/boat/forsale/ad.html?finnkode=215061276;12000;1939;18
Velholdt Sweden Yachts C34 med VP D1-30 fra 2007;https://www.finn.no/boat/forsale/ad.html?finnkode=214801330;350000;1984;34
Phobos 24 vurderes solgt;https://www.finn.no/boat/forsale/ad.html?finnkode=144428409;250000;2013;24
Nacra 17 XL Sportsseilbåt til Salgs;https://www.finn.no/boat/forsale/ad.html?finnkode=146787447;55000;2000;17
Meget pen og godt vedlikeholdt seilbåt - Ferieklar!;https://www.finn.no/boat/forsale/ad.html?finnkode=215027500;500000;2002;32
Beneteau Platu 25;https://www.finn.no/boat/forsale/ad.html?finnkode=176538887;98000;2002;25
Soling selges;https://www.finn.no/boat/forsale/ad.html?finnkode=215016906;10000;1970;25
Guy 22 selges;https://www.finn.no/boat/forsale/ad.html?finnkode=121624353;13000;1978;22
Marieholm IF 26;https://www.finn.no/boat/forsale/ad.html?finnkode=211226175;29000;1976;27
Bavaria 44 Cruiser med rullestorseil.;https://www.finn.no/boat/forsale/ad.html?finnkode=214974067;790000;2002;46
Comar 11 Plus, romslig italiensk havseiler;https://www.finn.no/boat/forsale/ad.html?finnkode=122179427;295000;1983;37
Seilbåt selges;https://www.finn.no/boat/forsale/ad.html?finnkode=177284195;18000;1975;22
Jeaunneau Rush 95 (1981) i god stand.;https://www.finn.no/boat/forsale/ad.html?finnkode=214904692;180000;1981;31
Meget anvendelig båt kan gå rett på vannet;https://www.finn.no/boat/forsale/ad.html?finnkode=214777791;44000;1978;21
Velholdt Monark 23 fot-perfekt første seilbåt-lett å seile.;https://www.finn.no/boat/forsale/ad.html?finnkode=214616658;29000;1984;23
DUFOUR 310;https://www.finn.no/boat/forsale/ad.html?finnkode=214905794;1272000;2022;32
DUFOUR 360;https://www.finn.no/boat/forsale/ad.html?finnkode=214905752;1472000;2022;35
DUFOUR 390;https://www.finn.no/boat/forsale/ad.html?finnkode=214905747;2198000;2022;39
DUFOUR 412;https://www.finn.no/boat/forsale/ad.html?finnkode=214905740;2359000;2022;41
DUFOUR 430 - Denne modellen står utstilt hos oss på Vollen Marina;https://www.finn.no/boat/forsale/ad.html?finnkode=214905735;2815000;2022;43
DUFOUR 470 - Ny modell i år (2021) - Første båt ankommer Norge første uken i mai;https://www.finn.no/boat/forsale/ad.html?finnkode=214905719;3394000;2022;49
DUFOUR 530 - Denne nye modellen står utstilt hos oss på Vollen Marina;https://www.finn.no/boat/forsale/ad.html?finnkode=214905717;4396000;2022;54
DUFOUR 56 Exclusive;https://www.finn.no/boat/forsale/ad.html?finnkode=214905706;5767000;2022;56
DUFOUR 61 - Ny modell i år (2021);https://www.finn.no/boat/forsale/ad.html?finnkode=214905696;12700000;2022;63
Lettseilt NOR-1, Norges første H-båt til salgs, Mulighet for å overta båtplass.;https://www.finn.no/boat/forsale/ad.html?finnkode=214706676;48000;1972;27
Beneteau First 21.7;https://www.finn.no/boat/forsale/ad.html?finnkode=214877942;349000;2012;22
Sjelden mulighet! Skap din drømmehytte på havet: Jeanneau Espace 1000;https://www.finn.no/boat/forsale/ad.html?finnkode=214195231;349000;1982;34
Beneteau Oceanis Clipper 393 2005 model;https://www.finn.no/boat/forsale/ad.html?finnkode=214867408;790000;2005;39
Seilbåt til salgs;https://www.finn.no/boat/forsale/ad.html?finnkode=214854598;80000;1983;34
Hylas 42 - Solid havseiler til vinterpris;https://www.finn.no/boat/forsale/ad.html?finnkode=199208480;480000;1986;42
Meget pen og noe neglisjert HERO 111.;https://www.finn.no/boat/forsale/ad.html?finnkode=214816852;167000;1986;36
"Storfidra 25 - ""Skalken""";https://www.finn.no/boat/forsale/ad.html?finnkode=214696874;155000;1985;25
Etap 39S Synkefri Ny pris;https://www.finn.no/boat/forsale/ad.html?finnkode=210914117;1050000;2001;39
King Cruiser 33 - flott havseiler - kommer til salgs kr. 99.000,-;https://www.finn.no/boat/forsale/ad.html?finnkode=214774814;99000;1975;33
Willing 31;https://www.finn.no/boat/forsale/ad.html?finnkode=214771451;158000;1978;31
Flott Colin Archerskøyte kr 160.000/bud;https://www.finn.no/boat/forsale/ad.html?finnkode=153207579;160000;1980;27
Bavaria 36 Cruiser - Velholdt og godt utstyrt;https://www.finn.no/boat/forsale/ad.html?finnkode=214719007;1090000;2012;36
Laser 2manns regatta seilbåt;https://www.finn.no/boat/forsale/ad.html?finnkode=179330971;10000;1995;14
Gammel klassiker med mye sjarm og hjerterom;https://www.finn.no/boat/forsale/ad.html?finnkode=214618575;175000;1980;31
Motorseiler Vurderes byttet/solgt;https://www.finn.no/boat/forsale/ad.html?finnkode=180864906;32000;1980;29
BÅTEN ER RESERVERT.;https://www.finn.no/boat/forsale/ad.html?finnkode=214695568;65000;1983;28
Moderne seilbåt i 40% ferdig prosjekt selges;https://www.finn.no/boat/forsale/ad.html?finnkode=116809173;40000;2019;40
Solid og velseilende turbåt. Reg i skipsregisteret!;https://www.finn.no/boat/forsale/ad.html?finnkode=214698507;690000;2003;37
Yngling til salgs;https://www.finn.no/boat/forsale/ad.html?finnkode=214701772;15000;1968;21
WALKER BAY RID 310R/ SEILPAKKE. MERCURY 6HK;https://www.finn.no/boat/forsale/ad.html?finnkode=213434164;35000;2010;10
Comfortina 38;https://www.finn.no/boat/forsale/ad.html?finnkode=190226703;300000;1988;38
Velholdt og godt utstyrt 2013 Bavaria Avantgarde 36 kommer for salg!;https://www.finn.no/boat/forsale/ad.html?finnkode=214703785;1290000;2013;37
Omega 36  3 kabiner;https://www.finn.no/boat/forsale/ad.html?finnkode=63251362;375000;1986;36
Trivelig familieseiler som trenger kjærlighet;https://www.finn.no/boat/forsale/ad.html?finnkode=214681118;130000;1984;32
Express NOR 570 til salgs;https://www.finn.no/boat/forsale/ad.html?finnkode=214678603;80000;1981;25
s/ y Attila - til gi bort pris.;https://www.finn.no/boat/forsale/ad.html?finnkode=73756175;120000;1956;40
Beneteau First 405 vurderes solgt;https://www.finn.no/boat/forsale/ad.html?finnkode=214674437;500000;1989;41
Lohi 17 17 fots;https://www.finn.no/boat/forsale/ad.html?finnkode=214661310;10000;1975;17
Multi 23 Trimaran av VPLP;https://www.finn.no/boat/forsale/ad.html?finnkode=186003793;220000;2012;23
37 fots motorseiler i ferrosement;https://www.finn.no/boat/forsale/ad.html?finnkode=214603549;50000;1987;37
Corsair 24 (F-24 mkII) Trimaran Til Salgs;https://www.finn.no/boat/forsale/ad.html?finnkode=214639386;369000;2008;24
I Kragerø har vi et utvalg av Zodiac rib på lager;https://www.gromstadbat.no/zodiac/?utm_source=Schibsted&utm_medium=Zodiac&utm_campaign=CPC%20kampanje;3890000;2022;42
ALBATROSS 42.1, En meget stor 42 fot'er;https://www.finn.no/boat/forsale/ad.html?finnkode=214637187;10000;1984;21
Yngling prosjekt;https://www.finn.no/boat/forsale/ad.html?finnkode=188781427;55000;1977;25
Seilbåt Millia 25;https://www.finn.no/boat/forsale/ad.html?finnkode=191317137;385000;1979;39
Ansø 39;https://www.finn.no/boat/forsale/ad.html?finnkode=214618905;60000;1975;30
Camper Nicholson til salgs 30 fot;https://www.finn.no/boat/forsale/ad.html?finnkode=214625615;15000;1981;26
Seilbåt til salgs;https://www.finn.no/boat/forsale/ad.html?finnkode=214622124;250000;1983;28
Pen velholdt Grinde vurderes solgt.;https://www.finn.no/boat/forsale/ad.html?finnkode=210173474;50000;1970;31
Bostrøm 31 MKI;https://www.finn.no/boat/forsale/ad.html?finnkode=214606487;400000;2010;40
Båtprosjekt vurderes for salg - Van De Stadt 40 seilbåt;https://www.finn.no/boat/forsale/ad.html?finnkode=214598596;90000;1971;33
Nauticat 33;https://www.finn.no/boat/forsale/ad.html?finnkode=214568044;35000;1975;21
Yngling bygget i Sveits til salgs;https://www.finn.no/boat/forsale/ad.html?finnkode=191597413;45000;1972;22
X-Kogg Elweira. Nyrestaurert og i meget god stand.;https://www.finn.no/boat/forsale/ad.html?finnkode=214584135;1590000;2011;45
Flott familieseiler - Bobåt - 4 lugarer - 3 bad  - NOR Skipsreg. (kan belånes);https://www.finn.no/boat/forsale/ad.html?finnkode=214551281;365000;1984;37
"Ny pris; Flott renovert seilbåt med nyere motor - brukt som helårsbolig!";https://www.finn.no/boat/forsale/ad.html?finnkode=189611298;143000;1979;30
Albin Ballad selges som den er;https://www.finn.no/boat/forsale/ad.html?finnkode=214429023;35000;2010;10
WALKER BAY RID 310R/ SEILPAKKE. MERCURY 6HK;https://www.finn.no/boat/forsale/ad.html?finnkode=213434164;790000;2006;37
Vakker båt velstelt for en ny kaptein;https://www.finn.no/boat/forsale/ad.html?finnkode=214147679;790000;2008;34
Meget velholdt Bavaria 34 Cruiser godt utstyrt kun 2 eiere vurderes solgt.;https://www.finn.no/boat/forsale/ad.html?finnkode=214528130;15000;1963;28
Klassisk Svensk Skjærgårdskrysser;https://www.finn.no/boat/forsale/ad.html?finnkode=186157171;95000;2012;27
Happy 27 - Svært velholdt båt;https://www.finn.no/boat/forsale/ad.html?finnkode=214532980;25000;1980;26
Gib Sea 80 plus 26 fots seilbåt til salgs;https://www.finn.no/boat/forsale/ad.html?finnkode=210635032;395000;1997;32
Bavaria 32;https://www.finn.no/boat/forsale/ad.html?finnkode=184395037;150000;1973;31
Regattaklar plastknarr ON-127           Tidligere Norgesmester.;https://www.finn.no/boat/forsale/ad.html?finnkode=214486820;165000;1985;31
Vurderer å selge min Mamba 311;https://www.finn.no/boat/forsale/ad.html?finnkode=182165723;1050000;2008;37
Meget pen Hanse 370 -  Må ses!;https://www.finn.no/boat/forsale/ad.html?finnkode=214436616;96000;1978;31
Bostrøm 31 MK II selges, ligger på vann i Oslo;https://www.finn.no/boat/forsale/ad.html?finnkode=214410709;360000;2007;24
Topp Melges 24 til salgs!;https://www.finn.no/boat/forsale/ad.html?finnkode=161375559;850000;2003;41
Bavaria Cruiser 41;https://www.finn.no/boat/forsale/ad.html?finnkode=214402556;10000;1977;24
Stødig fjordseglar til sals;https://www.finn.no/boat/forsale/ad.html?finnkode=214410228;49500;1969;27
Albin Vega;https://www.finn.no/boat/forsale/ad.html?finnkode=214381299;20000;1986;37
Solid motorseiler. Prosjekt.;https://www.finn.no/boat/forsale/ad.html?finnkode=179483969;3940000;2020;39
Lagoon 40 en mini maxi katamaran, aldri sjøsatt leveres umiddelbart...;https://www.finn.no/boat/forsale/ad.html?finnkode=214303974;150000;1986;31
ALBIN DELTA  SELGES MED BÅTPLASS UT SESONGEN (SKJEBERG);https://www.finn.no/boat/forsale/ad.html?finnkode=214351328;69000;2010;18
Wild Cat - Formula 18;https://www.finn.no/boat/forsale/ad.html?finnkode=127828790;5000;1980;23
Magnum 700 selges;https://www.finn.no/boat/forsale/ad.html?finnkode=153601809;690000;1991;42
Jeanneau sun odyssey 42 fot;https://www.finn.no/boat/forsale/ad.html?finnkode=178777144;20000;1976;21
Liten seilbåt Skagerak Wanderer;https://www.finn.no/boat/forsale/ad.html?finnkode=187995788;40000;1970;27
Sjarmerende treseiler. RING/MØT OPP.;https://www.finn.no/boat/forsale/ad.html?finnkode=191861070;160000;1986;28
Familievennlig motorseiler med 7 sengeplasser.;https://www.finn.no/boat/forsale/ad.html?finnkode=211589801
Bavaria 44 Cruiser med rullestorseil.;https://www.finn.no/boat/forsale/ad.html?finnkode=214974067;790000;2002;46
Unik kulturbåt, lotskutter svenskbyggd 1895.;https://www.finn.no/boat/forsale/ad.html?finnkode=160219094;650000;1900;39
20 fots seilbåter til salgs 20000.- per stykk;https://www.finn.no/boat/forsale/ad.html?finnkode=214207655;20000;1986;20
H-båt til salgs;https://www.finn.no/boat/forsale/ad.html?finnkode=181920828;40000;1977;27
Solid og velseilende Sunbeam 34.2 til salgs;https://www.finn.no/boat/forsale/ad.html?finnkode=214211840;890000;2008;35
Alo mikkel 26;https://www.finn.no/boat/forsale/ad.html?finnkode=213617652;65000;1983;26
SmartBoat One - 24/7 overvåkning til din båt;https://sensarmarine.com/?utm_medium=native&utm_source=finn.no&utm_campaign=finn.no%20%7C%20sov%20%7C%20baat%20sider&utm_content=bilde%203;180000;1983;30
C&C30 E - Seilbåt til salgs;https://www.finn.no/boat/forsale/ad.html?finnkode=214111719;425000;2006;30
Dette er den mest spennende 30 foter i markedet;https://www.finn.no/boat/forsale/ad.html?finnkode=213829887;40000;1977;28
Lett og stødig seiler;https://www.finn.no/boat/forsale/ad.html?finnkode=214080234;170000;1983;32
Comfort Comander;https://www.finn.no/boat/forsale/ad.html?finnkode=150241921;27000;1965;27
IOD Princess i original stand;https://www.finn.no/boat/forsale/ad.html?finnkode=214053481;45000;1978;25
Maxi 77 med innenbordsmotor og toalett.;https://www.finn.no/boat/forsale/ad.html?finnkode=214048293;360000;1987;37
I Kragerø har vi Nordkapp båter for levering 2021;https://www.gromstadbat.no/nordkapp/?utm_source=Schibsted&utm_medium=CPC%20Kampanje&utm_campaign=Nordkapp;150000;1984;29
RB 111 Cruiser/Racer Seilbåt med mange Racing seil. (kommer for salg);https://www.finn.no/boat/forsale/ad.html?finnkode=213998773;499000;1983;37
Motorseiler Sandvik 880 MS;https://www.finn.no/boat/forsale/ad.html?finnkode=214016395;210000;1979;33
Hurtig cruiser racer.;https://www.finn.no/boat/forsale/ad.html?finnkode=214010714;8000;1970;19
Gladiator Wauequiez 33 med båtplass sommer 2021;https://www.finn.no/boat/forsale/ad.html?finnkode=213100538;160000;1980;26
Vurderes solgt - Perfekt seilbåt å lære å seile med;https://www.finn.no/boat/forsale/ad.html?finnkode=213958515;14000;1980;12
TRIO 80 med nyere motor, vurderes solgt!;https://www.finn.no/boat/forsale/ad.html?finnkode=72966140;125000;1975;31
Lærling til salgs.;https://www.finn.no/boat/forsale/ad.html?finnkode=213938937;110000;1981;29
Viksund Goldfish selges;https://www.finn.no/boat/forsale/ad.html?finnkode=203269668;4200000;2019;49
"Motorseileren ""Dirlanda"" selges";https://www.finn.no/boat/forsale/ad.html?finnkode=213932154;9000;1990;25
Elan Impression 50 - Tar innbytte;https://www.finn.no/boat/forsale/ad.html?finnkode=213939542;500000;2001;39
Seilbåt med potensiale, Nyere seil, båtplass;https://www.finn.no/boat/forsale/ad.html?finnkode=120845898;170000;1983;32
Klassisk mahogny seiler ny 2002;https://www.finn.no/boat/forsale/ad.html?finnkode=212328694;375000;1989;35
Alo 96 1983 modell;https://www.finn.no/boat/forsale/ad.html?finnkode=213841262;120000;1981;30
Godt utstyrt familieseiler;https://www.finn.no/boat/forsale/ad.html?finnkode=213822598;1550000;1982;44
Comfort 30;https://www.finn.no/boat/forsale/ad.html?finnkode=213680623;340000;1985;38
Den perfekte hyttebåt. Motorseiler Nauticat 44. Finsk kvalitetsbåt.;https://www.finn.no/boat/forsale/ad.html?finnkode=176863805;4000;1984;22
wasa 38;https://www.finn.no/boat/forsale/ad.html?finnkode=177205492;25000;1982;23
Ny pris! Billig seiler, meget god i sjø, trenger omsorg. Må bort.;https://www.finn.no/boat/forsale/ad.html?finnkode=190047538;9000;2017;8
Granada 23 selges;https://www.finn.no/boat/forsale/ad.html?finnkode=213373849;30000;1980;15
Super fine små seil joller;https://www.finn.no/boat/forsale/ad.html?finnkode=96103398;130000;1982;33
Supernova trimaran til salgs;https://www.finn.no/boat/forsale/ad.html?finnkode=213625196;200000;1983;32
Albin Nova Ny pris;https://www.finn.no/boat/forsale/ad.html?finnkode=213614730;1500000;2000;34
Pent holdt Comfortina med lyst, fint interiør i oljet teak.;https://www.finn.no/boat/forsale/ad.html?finnkode=213597852;250000;1988;31
Trygg og godt utstyrt Nauticat 331;https://www.finn.no/boat/forsale/ad.html?finnkode=177545910;2850000;2008;49
Seilklar 31 fot Colin Archer;https://www.finn.no/boat/forsale/ad.html?finnkode=213564219;25000;1976;23
2008 Grand Soleil 50 - velutstyrt og velholdt;https://www.finn.no/boat/forsale/ad.html?finnkode=153744062;40000;1960;30
Klar for en retro sommer på vannet?;https://www.finn.no/boat/forsale/ad.html?finnkode=213564923;50000;1985;32
Klassisk seilbåt. GI BUD;https://www.finn.no/boat/forsale/ad.html?finnkode=172668523;10000;1974;22
Hartley 32;https://www.finn.no/boat/forsale/ad.html?finnkode=213527363;120000;1982;25
Fin familieseiler, Amigo 23;https://www.finn.no/boat/forsale/ad.html?finnkode=150034549;240000;1986;36
Winga 78 motorseiler;https://www.finn.no/boat/forsale/ad.html?finnkode=213516086;1290000;2008;43
Twostar 36 Selges sesongklar. Bud mottas;https://www.finn.no/boat/forsale/ad.html?finnkode=57428782;83500;2011;18
ELAN IMPRESSION 434 - SALG PÅGÅR! - Owners cabin - Skipsregistrert;https://www.finn.no/boat/forsale/ad.html?finnkode=213122527;390000;2003;31
Nacra Infusion Mark II - Formula 18;https://www.finn.no/boat/forsale/ad.html?finnkode=184700747;55000;1972;26
Sporty, kjapp og fin seilbåt, lys 1,20 - en skikkelig seilbåt;https://www.finn.no/boat/forsale/ad.html?finnkode=213432200;60000;1978;26
Internasjonal Folkebåt / IF;https://www.finn.no/boat/forsale/ad.html?finnkode=213395438;70000;1975;27
Albin Cirrus 78 for salg.;https://www.finn.no/boat/forsale/ad.html?finnkode=190614884;60000;1985;27
Nostalgisk seilbåt til salgs;https://www.finn.no/boat/forsale/ad.html?finnkode=96140829
H-Båt til salgs;https://www.finn.no/boat/forsale/ad.html?finnkode=213152239
Bavaria 36 Cruiser - Velholdt og godt utstyrt;https://www.finn.no/boat/forsale/ad.html?finnkode=214719007;1090000;2012;36
Heia f.d tulljakt;https://www.finn.no/boat/forsale/ad.html?finnkode=209740583;695000;1900;33
Hallberg Rassy 312 - nye bilder;https://www.finn.no/boat/forsale/ad.html?finnkode=213331540;349000;1984;31
Nedsatt pris! Gekko 39 med ny motor og nye seil;https://www.finn.no/boat/forsale/ad.html?finnkode=179572945;295000;1983;39
AUKSJON: COMFORTINA 38 - Elektrisk fremdrift - Oppgradert - Kvalitetsbåt;https://www.finn.no/boat/forsale/ad.html?finnkode=211536382;699000;1989;38
Granada seilbåt til salgs i  brukstand.Er ikke brukt på 1 1/2 år.;https://www.finn.no/boat/forsale/ad.html?finnkode=154005127;20000;1979;23
ALO seilbåt 28 1969-modell/ motor fra 2010;https://www.finn.no/boat/forsale/ad.html?finnkode=190035944;60000;1969;28
Romslig og trygg Harmony 38, 2006.;https://www.finn.no/boat/forsale/ad.html?finnkode=213244234;750000;2006;38
Dufour 365 GL 40TH Anniversery Edition;https://www.finn.no/boat/forsale/ad.html?finnkode=213239950;730000;2004;36
Player 311 Seilbåt 31 fot selges / bytes;https://www.finn.no/boat/forsale/ad.html?finnkode=213286698;135000;1986;31
Båt med gode  GRAN cruisingseil. Fått som er akseptert!;https://www.finn.no/boat/forsale/ad.html?finnkode=213281066;75000;1982;32
12,5 kvm krysser - klassiker;https://www.finn.no/boat/forsale/ad.html?finnkode=120772472;15000;1947;22
Flott havseiler med oppgradert kjøl og rigg.;https://www.finn.no/boat/forsale/ad.html?finnkode=213260599;489999;1986;38
Seilklar 33 fot Colin Archer etterligning;https://www.finn.no/boat/forsale/ad.html?finnkode=181445622;370000;1960;33
Amigo 23 - Ny Pris!;https://www.finn.no/boat/forsale/ad.html?finnkode=178875620;20000;1973;23
Godt utstyrt Hanse 320 vurderes solgt.;https://www.finn.no/boat/forsale/ad.html?finnkode=213229724;640000;2008;32
IF Marieholm;https://www.finn.no/boat/forsale/ad.html?finnkode=213118297;25000;1974;26
Beneteau FIRST 30;https://www.finn.no/boat/forsale/ad.html?finnkode=213227275;890000;2012;32
Seilbåt Marina 23;https://www.finn.no/boat/forsale/ad.html?finnkode=186128784;25000;1975;23
Godt utstyrt Bavaria 38;https://www.finn.no/boat/forsale/ad.html?finnkode=213222220;1300000;2011;38
Hunter 23,5 fot. SOLGT;https://www.finn.no/boat/forsale/ad.html?finnkode=213207230;70000;1996;23
Bavaria 38 AC -  Solgt;https://www.finn.no/boat/forsale/ad.html?finnkode=212263318;750000;2000;39
Knarr Variant (NY PRIS), 31 fot, glassfiber. Renovert og klar for seilas.;https://www.finn.no/boat/forsale/ad.html?finnkode=187312249;100000;1973;31
Grainger TR10 performance cruiser;https://www.finn.no/boat/forsale/ad.html?finnkode=213176264;890000;2002;34
SmartBoat One - 24/7 overvåkning til din båt;https://sensarmarine.com/?utm_medium=native&utm_source=finn.no&utm_campaign=finn.no%20%7C%20sov%20%7C%20baat%20sider&utm_content=bilde%202;1000000;2008;49
Flott velholdt seilebåt;https://www.finn.no/boat/forsale/ad.html?finnkode=213159875;35000;1986;26
Johnson 26 seilbåt med mye plass;https://www.finn.no/boat/forsale/ad.html?finnkode=212739453;360000;1982;34
Sweden Yachts C34   svensk kvalitets- seiler med 5 faste sengeplasser.;https://www.finn.no/boat/forsale/ad.html?finnkode=213111300;395000;1991;36
Jeanneau Sun Dance;https://www.finn.no/boat/forsale/ad.html?finnkode=174703005;240000;1975;31
Willing 31 LR med Båtplass;https://www.finn.no/boat/forsale/ad.html?finnkode=213100611;3100000;1986;48
Baltic 48 DP havseiler m/el. Rullemast;https://www.finn.no/boat/forsale/ad.html?finnkode=207118418;55000;2019;15
Minicat 460 oppblåsbar katamaran seilbåt!;https://www.finn.no/boat/forsale/ad.html?finnkode=213083650;30000;1975;27
Sjarmerende Elvstrøm 1/4 tonner selges;https://www.finn.no/boat/forsale/ad.html?finnkode=168867399;140000;1976;35
ALC 35;https://www.finn.no/boat/forsale/ad.html?finnkode=213054573;50000;1984;27
Beneteau First Class 8;https://www.finn.no/boat/forsale/ad.html?finnkode=213034517;15000;1980;21
Komfortabel lettseilt perle - Mjøsa;https://www.finn.no/boat/forsale/ad.html?finnkode=153415245;25000;1976;18
Seilbåt med senkekjøl - Norsk klassiker;https://www.finn.no/boat/forsale/ad.html?finnkode=212804838;20000;1977;27
Albin Vega 27 til salgs;https://www.finn.no/boat/forsale/ad.html?finnkode=212973036;100000;1985;29
Seilbåt;https://www.finn.no/boat/forsale/ad.html?finnkode=126510346;120000;1970;27
Kongens 2 første Solinger Fram V og Fram VI;https://www.finn.no/boat/forsale/ad.html?finnkode=212844472;60000;1981;28
Viksund motorseiler;https://www.finn.no/boat/forsale/ad.html?finnkode=212915720;950000;1987;42
S/Y Gaia, ei skute med sjel og personliget.;https://www.finn.no/boat/forsale/ad.html?finnkode=92167394;460000;2001;32
Velutstyrt og påkostet First 31.7 -ny pris!;https://www.finn.no/boat/forsale/ad.html?finnkode=212890660;100000;2004;31
Flott treseilbåt med glassfiberskrog Nye bilder;https://www.finn.no/boat/forsale/ad.html?finnkode=210877738;220000;1982;30
Beneteau FIRST 30E;https://www.finn.no/boat/forsale/ad.html?finnkode=151964315;499000;2008;31
SALG PÅGÅR! KVALITETSBÅT: HUNTER 31 - Baugpropell - El. ankervinsj;https://www.finn.no/boat/forsale/ad.html?finnkode=211977800;200000;1971;27
Soling;https://www.finn.no/boat/forsale/ad.html?finnkode=212865914;690000;1980;35
Hallberg Rassy 352. 1980 Modell;https://www.finn.no/boat/forsale/ad.html?finnkode=212854545;65000;1961;20
Meget pen BB11 selges;https://www.finn.no/boat/forsale/ad.html?finnkode=212841367;980000;2005;41
Vellholdt og vakker lys grå Hanse 411 fra 2005. Siste utgave. (Platting akter);https://www.finn.no/boat/forsale/ad.html?finnkode=212820860;390000;2018;16
Seilbåt hybrid;https://www.finn.no/boat/forsale/ad.html?finnkode=185302140;25000;1965;26
Klassisk fin treseilbåt selges;https://www.finn.no/boat/forsale/ad.html?finnkode=211123562
Bavaria Cruiser 41;https://www.finn.no/boat/forsale/ad.html?finnkode=214402556;850000;2003;41
Bavaria 42 Cruiser   Hytte på sjøen vurderes solgt;https://www.finn.no/boat/forsale/ad.html?finnkode=179208682;1150000;2006;42
Skipsregistrert Bavaria 33 Cruiser vurderes solgt;https://www.finn.no/boat/forsale/ad.html?finnkode=212702713;820000;2006;34
5,5 meter Trapez seiljolle med masse utstyr;https://www.finn.no/boat/forsale/ad.html?finnkode=212698257;9000;1990;18
Albin Cirrus 78 - En meget brukervennlig seilbåt selges pga flytting.;https://www.finn.no/boat/forsale/ad.html?finnkode=212648331;45000;1987;26
Monark International 806;https://www.finn.no/boat/forsale/ad.html?finnkode=212638897;80000;1978;26
Elliott 9ss Overload;https://www.finn.no/boat/forsale/ad.html?finnkode=182628993;899000;2008;30
Skipsregistrert Colin Archer | Seilklar | Masse utstyr;https://www.finn.no/boat/forsale/ad.html?finnkode=62733491;950000;1997;47
Hunter 27 -KLAR FOR VISNING -autorisert båtmegl-medlem av NORBOAT -;https://www.finn.no/boat/forsale/ad.html?finnkode=212536002;280000;2006;27
Vindø 45  35 fot for  salg.;https://www.finn.no/boat/forsale/ad.html?finnkode=189108821;650000;1983;35
Lettseilt Yamaha MK 21 seilbåt til salgs m/innenbords motor;https://www.finn.no/boat/forsale/ad.html?finnkode=187172009;39000;1980;25
Salg Pågår -SKIPSREGISTRERT JEANNEAU SO 39DS-2 LUGARER-OWNERS VERSION-STORT BAD!;https://www.finn.no/boat/forsale/ad.html?finnkode=211866912;1150000;2007;39
SELGES;https://www.finn.no/boat/forsale/ad.html?finnkode=211927698;2190000;2008;50
Maxi 68 bud motatt;https://www.finn.no/boat/forsale/ad.html?finnkode=211893038;20000;1978;22
Trimaran T-35 andel;https://www.finn.no/boat/forsale/ad.html?finnkode=212398555;100000;1994;35
SEILKLAR førstegangsbåt selges;https://www.finn.no/boat/forsale/ad.html?finnkode=212307616;20000;1982;21
Rask seilglede selges - One off regatta seilbåt;https://www.finn.no/boat/forsale/ad.html?finnkode=184671402;140000;1992;42
X 99;https://www.finn.no/boat/forsale/ad.html?finnkode=181328575;298000;2001;33
Lettseilt seilbåt til salgs.;https://www.finn.no/boat/forsale/ad.html?finnkode=212400857;5000;1972;21
Elan 33;https://www.finn.no/boat/forsale/ad.html?finnkode=212398801;200000;1988;33
BB 11 - Nydelig båt m/tilhenger;https://www.finn.no/boat/forsale/ad.html?finnkode=102287350;75000;1960;20
26 fot Seilbåt - med påhengsmotor;https://www.finn.no/boat/forsale/ad.html?finnkode=152690379;15000;1977;26
Stordrake. Historisk ikon;https://www.finn.no/boat/forsale/ad.html?finnkode=63012520;200000;1935;35
Beneteau Oceanis 411 til salgs - mye nytt utstyr;https://www.finn.no/boat/forsale/ad.html?finnkode=167523893;690000;1998;41
SmartBoat One - 24/7 overvåkning til din båt;https://sensarmarine.com/?utm_medium=native&utm_source=finn.no&utm_campaign=finn.no%20%7C%20sov%20%7C%20baat%20sider&utm_content=bilde%203;79000;1983;28
Marieholm 281;https://www.finn.no/boat/forsale/ad.html?finnkode=193986265;330000;1988;35
SUNWIND 35 - Selges gjennom Norboat-autorisert båtmegler;https://www.finn.no/boat/forsale/ad.html?finnkode=212288962;21000;1985;28
Eol 30 seilbåt;https://www.finn.no/boat/forsale/ad.html?finnkode=183731094;240000;1986;35
Bli med på båtpuss i april/mai, som ny 60 % medeier. Båtplass på Holmen i Asker.;https://www.finn.no/boat/forsale/ad.html?finnkode=74687531;70000;1994;36
Halvpart av regatta båt selges.;https://www.finn.no/boat/forsale/ad.html?finnkode=212249427;495000;1982;37
Nautor Swan 371;https://www.finn.no/boat/forsale/ad.html?finnkode=188063440;1690000;2014;41
Bavaria 41cruiser Lang  tur rigget  norsk båt moms bet  reg i skipsregister;https://www.finn.no/boat/forsale/ad.html?finnkode=204091881;570000;2004;35
Rask komfortabel båt for tur og regatta;https://www.finn.no/boat/forsale/ad.html?finnkode=212183376;33000;1972;21
Skagerak Vandrer, en god seilbåt på 20,5 fot med Yamaha 4hk fra 2014;https://www.finn.no/boat/forsale/ad.html?finnkode=212163197;310000;2004;37
Hero 101 Spesial, vurderes solgt!;https://www.finn.no/boat/forsale/ad.html?finnkode=212137660;10000;1970;21
Seilbåt;https://www.finn.no/boat/forsale/ad.html?finnkode=212128313;49000;1983;33
Colin Archer i ferro, nyere motor og utstyr! Må bort Pga. Båtplass.;https://www.finn.no/boat/forsale/ad.html?finnkode=203853138;2290000;1990;50
NYDELIG: Sweden Yachts 50 - Modernisert og velholdt - Skipsreg - BØR SEES!;https://www.finn.no/boat/forsale/ad.html?finnkode=212093565;495000;2002;36
Velutstyrt Hunter 356, hvis ønskelig med båtplass i Stryn. Kun 2 eier;https://www.finn.no/boat/forsale/ad.html?finnkode=212081367;580000;2006;33
Hunter 33;https://www.finn.no/boat/forsale/ad.html?finnkode=212075131;195000;1982;33
Albin Nova;https://www.finn.no/boat/forsale/ad.html?finnkode=212001227;139000;1976;31
Solid sentercockpit skute!;https://www.finn.no/boat/forsale/ad.html?finnkode=211950409;69000;2019;19
Nybygget seilsjekte;https://www.finn.no/boat/forsale/ad.html?finnkode=187557918;86000;1970;30
Dufour Arpege selges;https://www.finn.no/boat/forsale/ad.html?finnkode=211895369;480000;1988;36
Brofjord 36;https://www.finn.no/boat/forsale/ad.html?finnkode=211901419;190000;1988;29
Randøy 29 (Breiflabb) til salgs;https://www.finn.no/boat/forsale/ad.html?finnkode=174037751;150000;1979;28
Fjord 28 CS til salgs (dette kan være din liten hybel);https://www.finn.no/boat/forsale/ad.html?finnkode=211847475;150000;1982;27
Båtprosjekt for sal – Collin Archer;https://www.finn.no/boat/forsale/ad.html?finnkode=207636907;115000;1949;31
Nydelig og meget sjelden spissgatter til salgs;https://www.finn.no/boat/forsale/ad.html?finnkode=139544893;2600000;2013;43
Jeanneau Sun Odyssey 439 m/360 docking og 3 kabiner;https://www.finn.no/boat/forsale/ad.html?finnkode=183410644;298500;2001;30
Ferie tur Båt ,Katamaran .BELO 30.  FØRST TIL MØLLA : MYE PLASS .LETT SEILETT;https://www.finn.no/boat/forsale/ad.html?finnkode=182987753;20000;1964;26
Folkebåten Tatermilla!;https://www.finn.no/boat/forsale/ad.html?finnkode=211736582
Pen velholdt Grinde vurderes solgt.;https://www.finn.no/boat/forsale/ad.html?finnkode=210173474;250000;1983;28
Folkebåten Tatermilla!;https://www.finn.no/boat/forsale/ad.html?finnkode=211736582;20000;1964;26
Seilbåt  - epoxystøpt (en eier) - Visning etter påske;https://www.finn.no/boat/forsale/ad.html?finnkode=73175079;920000;2006;37
Swan 70 Mint condition;https://www.finn.no/boat/forsale/ad.html?finnkode=211706131;15000000;2001;70
Colin Archer 39 fot. Vurderes solgt kr 200,000 eventuelt høystbydende.;https://www.finn.no/boat/forsale/ad.html?finnkode=77920406;200000;1998;39
Alo 33 fot .Solid havseiler til dags.;https://www.finn.no/boat/forsale/ad.html?finnkode=112775702;120000;1976;33
Maxi Fenix Classic med nyere motor;https://www.finn.no/boat/forsale/ad.html?finnkode=211623885;110000;1981;28
Velholdt og elegant Delphia 40.2 vurderes solgt - Skipsregistrert;https://www.finn.no/boat/forsale/ad.html?finnkode=211529973;1350000;2008;40
Flott Risørskøyte med Vetus M417 motor med kun 700 driftstimer.;https://www.finn.no/boat/forsale/ad.html?finnkode=182254623;180000;1923;34
Colin Archer skøyte;https://www.finn.no/boat/forsale/ad.html?finnkode=67141042;125000;1981;35
Spesialbygget SAXE 55 Arctic;https://www.finn.no/boat/forsale/ad.html?finnkode=60953240;3500000;1989;55
Koselig treseiler selges;https://www.finn.no/boat/forsale/ad.html?finnkode=211594704;50000;1980;24
Flott turseiler som trenger vedlikehold;https://www.finn.no/boat/forsale/ad.html?finnkode=211580866;120000;1974;31
NordNorge ferie i denne flotte Bavaria 42 Cruiser;https://www.finn.no/boat/forsale/ad.html?finnkode=211518498;1200000;2006;42
KLAR FOR SEILAS: Jeanneau Sun Odyssey 39 DS - Owners version - GI BUD!;https://www.finn.no/boat/forsale/ad.html?finnkode=211309511;1349000;2007;39
HARMONY 34;https://www.finn.no/boat/forsale/ad.html?finnkode=211496274;495000;2006;34
Maxi 77 selges;https://www.finn.no/boat/forsale/ad.html?finnkode=211498097;35000;1981;25
Player 311 Mk II;https://www.finn.no/boat/forsale/ad.html?finnkode=211485088;110000;1985;31
Monark Magnum 700;https://www.finn.no/boat/forsale/ad.html?finnkode=140108185;10000;1980;23
Høystbydende over 150 000;https://www.finn.no/boat/forsale/ad.html?finnkode=183517199;150000;1976;35
CONTRAST 33 MED NY MOTOR I 2017 - Selges gjennom Norboat-autorisert båtmegler;https://www.finn.no/boat/forsale/ad.html?finnkode=211246307;295000;1982;32
Black Pepper Code 0, eksklusiv  daysailer i karbon;https://www.finn.no/boat/forsale/ad.html?finnkode=78087426;1790000;2014;33
Hallberg-Rassy 37;https://www.finn.no/boat/forsale/ad.html?finnkode=211225722;1850000;2004;37
Fin Firling Topp Turbåt m/motor;https://www.finn.no/boat/forsale/ad.html?finnkode=194140743;22000;1976;24
Har du husket nasjonalitetsbevis?;https://www.sdir.no/fritidsbat/registrere-fritidsbat-i-nor/hvorfor-velge-frivillig-registrering-av-baten-i-skipsregisteret-nor/;40000;1982;25
Lettseilt seilbåt med overnattingsmuligheter;https://www.finn.no/boat/forsale/ad.html?finnkode=196164230;1600000;2013;42
Unik 42 ft Custom made yacht selges.;https://www.finn.no/boat/forsale/ad.html?finnkode=104154793;370000;1986;36
Rask, trygg havseiler med fantastiske seilegenskaper.;https://www.finn.no/boat/forsale/ad.html?finnkode=157586778;110000;1979;28
Godt vedlikeholdt Maxi 84 (Klar for nye eventyr);https://www.finn.no/boat/forsale/ad.html?finnkode=184665684;65000;1945;31
Sjelden og vakker 31 fots spissgatter til salgs;https://www.finn.no/boat/forsale/ad.html?finnkode=191523285;1790000;1927;57
1927 10mR CHARLES E. NICHOLSON: S/Y GHOSTER-NEGLINGEVARVET!;https://www.finn.no/boat/forsale/ad.html?finnkode=210831785;395000;1983;36
Pen Maxi 108, vesentlig oppgradert selges.;https://www.finn.no/boat/forsale/ad.html?finnkode=183124244;1450000;1987;43
Baltic 43 med karbon rigg;https://www.finn.no/boat/forsale/ad.html?finnkode=210690123;2495000;2021;37
Hanse 388 SISTE BÅT FOR LEVERING FØR SOMMEREN!;https://www.finn.no/boat/forsale/ad.html?finnkode=210561391;7310000;2021;41
Yacht of the Year 2021;https://www.finn.no/boat/forsale/ad.html?finnkode=210542237;3290000;2021;32
En båt tilbake som kan leveres i mai!;https://www.finn.no/boat/forsale/ad.html?finnkode=210534537;1895000;2021;29
Dragonfly 28 Swing Wing;https://www.finn.no/boat/forsale/ad.html?finnkode=210533856;4095000;2021;44
Unik design, komfort og kvalitet fra Italia;https://www.finn.no/boat/forsale/ad.html?finnkode=210532338;6120000;2021;51
Solaris Yacht - 50 fot Cruiser/Racer;https://www.finn.no/boat/forsale/ad.html?finnkode=210531652;1100000;2004;41
Meget fin og velholdt Hunter 41 med blykjøl;https://www.finn.no/boat/forsale/ad.html?finnkode=97850883;69000;1984;26
Påkostet seilbåt;https://www.finn.no/boat/forsale/ad.html?finnkode=210352337;2500000;2006;42
Leopard 43 katamaran;https://www.finn.no/boat/forsale/ad.html?finnkode=195606142;15000;1974;22
Lettseilt seilbåt til salgs.;https://www.finn.no/boat/forsale/ad.html?finnkode=184963278;50000;1985;31
Belle 31;https://www.finn.no/boat/forsale/ad.html?finnkode=210417848;250000;2008;35
Treskøyte / Motorseiler / Seilbåt;https://www.finn.no/boat/forsale/ad.html?finnkode=185061497;550000;1999;35
TC1060, rask cruising katamaran;https://www.finn.no/boat/forsale/ad.html?finnkode=145358648;199000;1992;28
28' Katamaran Elektrisk motor.;https://www.finn.no/boat/forsale/ad.html?finnkode=185284225;13000;1974;24
Flott Supero 24 kan bli din!;https://www.finn.no/boat/forsale/ad.html?finnkode=188091797;350000;1990;29
Randøy 29;https://www.finn.no/boat/forsale/ad.html?finnkode=209940920;50000;1977;28
Nesten ny motor (2015) med fullt brukbar eldre båt selges.;https://www.finn.no/boat/forsale/ad.html?finnkode=176171834;990000;2003;34
Hallberg-Rassy 34 - SALG PÅGÅR! - Skipsregistrert - Meget velholdt - Langturbåt;https://www.finn.no/boat/forsale/ad.html?finnkode=209300628;2550000;2007;40
Overseas 40, 2007 I Sverige;https://www.finn.no/boat/forsale/ad.html?finnkode=209856229
Meget pen Hanse 370 -  Må ses!;https://www.finn.no/boat/forsale/ad.html?finnkode=214436616;1050000;2008;37
Moody S38. Englands svar på Najad og Hallberg Rassy;https://www.finn.no/boat/forsale/ad.html?finnkode=186925219;850000;1996;39
BUD MOTTATT: Jeanneau SO 45DS kr 1.199' + mva - 3 kabiner  - Skipsregistrert!;https://www.finn.no/boat/forsale/ad.html?finnkode=206853736;1499000;2008;45
"S/Y Huahine trenger nye eiere! ""RESERVERT inntil videre.""";https://www.finn.no/boat/forsale/ad.html?finnkode=80995257;99000;1983;31
Winga 29;https://www.finn.no/boat/forsale/ad.html?finnkode=184053706;49990;1978;29
Bud mottatt. Hallberg Rassy 372;https://www.finn.no/boat/forsale/ad.html?finnkode=209176409;2550000;2011;37
En av Oslofjordens raskeste båter, Wauquiez  Centurion 45S;https://www.finn.no/boat/forsale/ad.html?finnkode=178987405;1780000;2003;45
Koselig og trygg turseiler. Shipman 28;https://www.finn.no/boat/forsale/ad.html?finnkode=208928813;40000;1974;28
"50 ft. luksuriøs katamaran ""ready to go"" i Karibien";https://www.finn.no/boat/forsale/ad.html?finnkode=208821480;6975000;2017;49
Strøken Platu 25 /Færdervinner og NM bronse;https://www.finn.no/boat/forsale/ad.html?finnkode=194585822;250000;1998;25
Baltic 48DP;https://www.finn.no/boat/forsale/ad.html?finnkode=208562035;2100000;1987;48
Langtur eller bobåt selges;https://www.finn.no/boat/forsale/ad.html?finnkode=189242359;550000;1985;46
Jenneau Sun Odyssey 410 WALK AROUND- Utstillingsmodell;https://www.finn.no/boat/forsale/ad.html?finnkode=208173174;3490000;2021;42
Havgående norskbygget klassiker;https://www.finn.no/boat/forsale/ad.html?finnkode=195885850;80000;1976;32
Bavaria 42 1999;https://www.finn.no/boat/forsale/ad.html?finnkode=183462283;495000;1999;42
Steel Sailing Yacht 57’ Ketch;https://www.finn.no/boat/forsale/ad.html?finnkode=207760502;1127300;1999;57
S/ S Augusta;https://www.finn.no/boat/forsale/ad.html?finnkode=49040482;360000;1979;32
Beneteau Oceanis 30.1 Ny båt levering i 2022;https://www.finn.no/boat/forsale/ad.html?finnkode=207761660;1263396;2022;31
Beneteau Oceanis 38.1 - Ny båt med levering 2022;https://www.finn.no/boat/forsale/ad.html?finnkode=207755972;1680000;2022;38
Beneteau First 18;https://www.finn.no/boat/forsale/ad.html?finnkode=207758641;299000;2020;18
Beneteau First 14 SE;https://www.finn.no/boat/forsale/ad.html?finnkode=207757352;199000;2021;14
NY Oceanis 40.1 Levering i Juli;https://www.finn.no/boat/forsale/ad.html?finnkode=207754765;3489960;2021;42
NYE Lasere til salgs;https://www.finn.no/boat/forsale/ad.html?finnkode=133302733;46500;2020;14
Laser Bug seiljolle;https://www.finn.no/boat/forsale/ad.html?finnkode=165530031;22900;2020;9
I Kragerø har vi Nordkapp båter for levering 2021;https://www.gromstadbat.no/nordkapp/?utm_source=Schibsted&utm_medium=CPC%20Kampanje&utm_campaign=Nordkapp;32900;2021;11
Laser Pico seiljolle;https://www.finn.no/boat/forsale/ad.html?finnkode=165530135;1272000;2021;32
DUFOUR 310;https://www.finn.no/boat/forsale/ad.html?finnkode=207384092;1472000;2021;35
DUFOUR 360;https://www.finn.no/boat/forsale/ad.html?finnkode=207383604;2198000;2021;39
DUFOUR 390;https://www.finn.no/boat/forsale/ad.html?finnkode=207383173;2359000;2021;41
DUFOUR 412;https://www.finn.no/boat/forsale/ad.html?finnkode=207382803;2815000;2021;43
DUFOUR 430 - Denne modellen står utstilt hos oss på Vollen Marina;https://www.finn.no/boat/forsale/ad.html?finnkode=207382182;3229000;2021;49
DUFOUR 470 - Ny modell i år (2021) - Første båt ankommer Norge første uken i mai;https://www.finn.no/boat/forsale/ad.html?finnkode=207380879;4396000;2021;54
DUFOUR 530 - Denne nye modellen står utstilt hos oss på Vollen Marina;https://www.finn.no/boat/forsale/ad.html?finnkode=207379881;5767000;2021;56
DUFOUR 56 Exclusive;https://www.finn.no/boat/forsale/ad.html?finnkode=207379707;12700000;2021;63
DUFOUR 61 - Ny modell i år (2021)!;https://www.finn.no/boat/forsale/ad.html?finnkode=207379313;2455000;2020;42
3 kabiner og 2 bad, lite brukt Dufour 412;https://www.finn.no/boat/forsale/ad.html?finnkode=206996795;645000;1972;38
Camper & Nicholsons: Ny motor + nytt el.anlegg mm - Gi bud!;https://www.finn.no/boat/forsale/ad.html?finnkode=206853345;285000;1980;34
SELVBYGG! Alu. seilbåt selges!;https://www.finn.no/boat/forsale/ad.html?finnkode=182016597;3150000;2015;49
Dufour Grand Large 500 med 5 doble sovekabiner og 3 baderom selges!;https://www.finn.no/boat/forsale/ad.html?finnkode=206423527;1990000;2005;49
Pen Sun O 49DS 3 kabiner stor eierlugar i baugen, blått skrog;https://www.finn.no/boat/forsale/ad.html?finnkode=206321794;280000;1997;34
Motorseiler AMINA;https://www.finn.no/boat/forsale/ad.html?finnkode=119529656;30000;1976;34
Skrog til Colvic Watson 34,6 fot;https://www.finn.no/boat/forsale/ad.html?finnkode=130552394;4450000;2021;46
BAVARIA C45 STYLE NY 2021, VELUTSTYRT BÅT FOR LEVERING TIL SESONGEN;https://www.finn.no/boat/forsale/ad.html?finnkode=205988144;890000;1988;49
SHIFT MARINE HAR FÅTT EN MEGET OPPGRADERT BENETEAU OCEANIS 500 TIL SALGS!;https://www.finn.no/boat/forsale/ad.html?finnkode=205805681;6800000;2001;62
HALLBEG RASSY 62;https://www.finn.no/boat/forsale/ad.html?finnkode=203691359;49000;2021;12
RS Zest;https://www.finn.no/boat/forsale/ad.html?finnkode=202716128;370000;2019;21
Demobrukt RS21;https://www.finn.no/boat/forsale/ad.html?finnkode=202714979;74500;2021;12
RS Feva;https://www.finn.no/boat/forsale/ad.html?finnkode=202713804;97000;2021;14
RS Quest;https://www.finn.no/boat/forsale/ad.html?finnkode=202712870;107000;2021;13
RS Aero;https://www.finn.no/boat/forsale/ad.html?finnkode=202704957;1050000;2021;25
Dragonfly 25 High-performance trailer-sailer;https://www.finn.no/boat/forsale/ad.html?finnkode=179060883;1090000;2007;49
Bavaria 50 Cruiser.;https://www.finn.no/boat/forsale/ad.html?finnkode=201825971
Vakker båt velstelt for en ny kaptein;https://www.finn.no/boat/forsale/ad.html?finnkode=214147679;790000;2006;37
Beneteau Oceanis 51.1;https://www.finn.no/boat/forsale/ad.html?finnkode=200951362;4100000;2021;49
Beneteau First Yacht 53;https://www.finn.no/boat/forsale/ad.html?finnkode=200951392;6800000;2020;56
Beneteau Oceanis 46.1 Står utstilt i våre lokaler i Leangbukta;https://www.finn.no/boat/forsale/ad.html?finnkode=200951286;3235000;2021;46
Excess 12;https://www.finn.no/boat/forsale/ad.html?finnkode=200934641;3811000;2021;39
Vakker Nauticat 441;https://www.finn.no/boat/forsale/ad.html?finnkode=199745196;3995000;2010;44
SALG PÅGÅR! HUNTER 39 - Vinterpris - Skipsregistrert - Langtur - Bobåt;https://www.finn.no/boat/forsale/ad.html?finnkode=198280170;1190000;2010;39
DUFOUR 470 - Ny modell i år (2021) - Første båt ankommer Norge første uken i mai;https://www.finn.no/boat/forsale/ad.html?finnkode=199524439;3394000;2021;49
M/S Ocean Star - FLOTT SEILYACHT;https://www.finn.no/boat/forsale/ad.html?finnkode=197791959;12100000;2008;101
SHIPMAN 59 - Produseres i KARBON og leveres som std. med HYBRID- og SOLAR-system;https://www.finn.no/boat/forsale/ad.html?finnkode=199117315;17550000;2021;62
Grand Soleil 42 Long Cruise;https://www.finn.no/boat/forsale/ad.html?finnkode=198827095;4248000;2021;42
Elan GT5;https://www.finn.no/boat/forsale/ad.html?finnkode=198091337;3773623;2021;43
Elan E4;https://www.finn.no/boat/forsale/ad.html?finnkode=198083538;2327785;2021;35
Elan E5;https://www.finn.no/boat/forsale/ad.html?finnkode=198078778;3118248;2021;39
DUFOUR 310;https://www.finn.no/boat/forsale/ad.html?finnkode=197715697;1272000;2021;32
DUFOUR 360;https://www.finn.no/boat/forsale/ad.html?finnkode=197715277;1472000;2021;35
DUFOUR 390;https://www.finn.no/boat/forsale/ad.html?finnkode=197714870;2198000;2021;39
DUFOUR 412;https://www.finn.no/boat/forsale/ad.html?finnkode=197714507;2359000;2021;41
DUFOUR 430 - Denne modellen står utstilt hos oss på Vollen Marina;https://www.finn.no/boat/forsale/ad.html?finnkode=197714073;2815000;2021;43
DUFOUR 470 - Ny modell i år (2021) - Første båt ankommer Norge første uken i mai;https://www.finn.no/boat/forsale/ad.html?finnkode=197713710;3394000;2021;49
DUFOUR 530 - Denne nye modellen står utstilt hos oss på Vollen Marina;https://www.finn.no/boat/forsale/ad.html?finnkode=197713238;4396000;2021;54
DUFOUR 56 Exclusive;https://www.finn.no/boat/forsale/ad.html?finnkode=197712946;5767000;2021;56
DUFOUR 61 - Ny modell i år (2021);https://www.finn.no/boat/forsale/ad.html?finnkode=197712461;12700000;2021;63
Dehler 30od;https://www.finn.no/boat/forsale/ad.html?finnkode=197433111;1540000;2021;30
BAVARIA C38 NYHET, LEVERING VÅREN 2021;https://www.finn.no/boat/forsale/ad.html?finnkode=197241954;2715000;2021;38
STORM en klassisk yacht og luksuriøs 13mR Spissgatter.;https://www.finn.no/boat/forsale/ad.html?finnkode=196212261;1300000;1913;50
Elan E3;https://www.finn.no/boat/forsale/ad.html?finnkode=195759618;1943000;2021;30
"Bavaria Cruiser 46 (2016) ""Amadi""";https://www.finn.no/boat/forsale/ad.html?finnkode=195493756;1759980;2016;47
NY Dufour 360 (2021);https://www.finn.no/boat/forsale/ad.html?finnkode=195491246;1524863;2021;35
"Nautitech 40 Open (2016) ""Smajla""";https://www.finn.no/boat/forsale/ad.html?finnkode=195487830;2026282;2016;39
"Jeanneau Sun Odyssey 509 (2013) ""Amorina""";https://www.finn.no/boat/forsale/ad.html?finnkode=195486781;1772138;2013;50
"Beneteau Oceanis 40.1 (2017) ""Beneatha""";https://www.finn.no/boat/forsale/ad.html?finnkode=195485885;1772138;2017;41
